{
  "step": 200000,
  "bm25": {
    "MRR@10": 0.005258732432801201,
    "Recall@50": 0.03376313276026743,
    "NDCG@50": 0.011631456054150856,
    "Recall@200": 0.16414756446991405,
    "NDCG@200": 0.031033352288589538,
    "Recall@1000": 0.8140401146131805,
    "NDCG@1000": 0.10354739099881576
  },
  "colbert_rerank": {
    "MRR@10": 0.35062025287669984,
    "Recall@50": 0.7534980897803246,
    "NDCG@50": 0.4435102899464723,
    "Recall@200": 0.8052172874880611,
    "NDCG@200": 0.45174195428527825,
    "Recall@1000": 0.8140401146131805,
    "NDCG@1000": 0.45284118979793636
  },
  "colbert_e2e": {
    "MRR@10": 0.6477093182925526,
    "Recall@50": 0.9355173509902,
    "NDCG@50": 0.7142397414978313,
    "Recall@200": 0.9542837693571797,
    "NDCG@200": 0.7172752028464818,
    "Recall@1000": 0.9573905142322502,
    "NDCG@1000": 0.7176654616078227
  }
}